Vehicle ID,Plate Number,YOLO Confidence,OCR Confidence,Indian Plate
Vehicle_001,NOT READ,,,NO
Vehicle_002,NOT READ,,,NO
Vehicle_003,NOT READ,,,NO
Vehicle_004,NOT READ,,,NO
Vehicle_005,NOT READ,,,NO
Vehicle_006,NOT READ,,,NO
Vehicle_007,NOT READ,,,NO
Vehicle_008,NOT READ,,,NO
Vehicle_009,NOT READ,,,NO
Vehicle_010,NOT READ,,,NO
Vehicle_011,NOT READ,,,NO
Vehicle_012,NOT READ,,,NO
Vehicle_013,NOT READ,,,NO
Vehicle_014,NOT READ,,,NO
Vehicle_015,NOT READ,,,NO
Vehicle_016,NOT READ,,,NO
Vehicle_017,NOT READ,,,NO
Vehicle_018,NOT READ,,,NO
Vehicle_019,NOT READ,,,NO
Vehicle_020,NOT READ,,,NO
Vehicle_021,NOT READ,,,NO
Vehicle_022,NOT READ,,,NO
Vehicle_023,NOT READ,,,NO
Vehicle_024,NOT READ,,,NO
Vehicle_025,NOT READ,,,NO
Vehicle_026,NOT READ,,,NO
Vehicle_027,NOT READ,,,NO
Vehicle_028,NOT READ,,,NO
Vehicle_029,NOT READ,,,NO
Vehicle_030,NOT READ,,,NO
Vehicle_031,NOT READ,,,NO
