frame,plate_id,yolo_confidence,x1,y1,x2,y2,ocr_text,ocr_confidence,ocr_version,valid_indian_plate
road_frame_003.jpg,2,0.2160,296,211,355,234,147455222,0.8835,original,False
road_frame_006.jpg,4,0.8575,142,232,229,263,KH03FC0558,0.8383,original,True
road_frame_007.jpg,5,0.4260,243,134,289,156,KOE,0.5102,enhanced,False
road_frame_007.jpg,6,0.1561,649,149,679,164,1,0.3575,original,False
road_frame_009.jpg,11,0.1894,604,149,636,163,1,0.6214,original,False
road_frame_012.jpg,18,0.2093,587,165,621,182,SOO,0.2427,enhanced,False
road_frame_019.jpg,29,0.1817,227,237,274,260,1,0.8173,original,False
road_frame_021.jpg,34,0.2631,280,185,321,203,1,0.3831,original,False
road_frame_024.jpg,37,0.8226,204,219,289,249,MHOZE15H,0.5490,original,False
road_frame_025.jpg,38,0.8598,67,228,164,262,1H02515154,0.8880,enhanced,False
road_frame_030.jpg,42,0.9283,140,222,228,252,K129E792,0.5728,original,False
road_frame_034.jpg,43,0.8520,217,259,300,288,MHO4GZHG1N,0.6093,original,False
road_frame_035.jpg,45,0.8451,0,278,101,317,MH04GZ8516,0.8415,original,True
road_frame_037.jpg,46,0.6834,248,189,317,220,H0,0.2570,original,False
road_frame_038.jpg,48,0.5156,4,222,87,255,HRZ4CA9127,0.5936,original,False
road_frame_044.jpg,54,0.6386,332,214,395,241,WIDDRERNON,0.4128,enhanced,False
road_frame_045.jpg,55,0.7738,236,234,311,265,MHD3BE5525,0.7264,original,False
road_frame_046.jpg,56,0.8272,101,272,188,307,MHODRES675,0.6324,enhanced,False
