Frame,Vehicle_ID,Plate_Number,Confidence,Status
1,4,NA13NRU,97.37,LIVE
2,4,NA13NRU,92.15,LIVE
3,4,NA13NRU,94.76,REMEMBERED
4,2,MW51VSU,96.66,LIVE
4,4,NA13NRU,94.76,REMEMBERED
5,2,MU51VSU,75.89,LIVE
5,4,NA13NRU,94.76,REMEMBERED
6,1,GX15OGJ,85.38,LIVE
6,2,MW51VSU,96.66,REMEMBERED
7,1,GX15OGJ,91.48,LIVE
8,1,GX15OGJ,88.43,REMEMBERED
9,1,GXI5OGJ,79.5,LIVE
10,1,GX15OGJ,88.43,REMEMBERED
11,1,GX15OGJ,88.43,REMEMBERED
30,17,8G65USJ,86.17,LIVE
31,17,8G65USJ,86.17,REMEMBERED
32,17,BG85U5J,88.27,LIVE
33,17,BG85U5J,88.27,REMEMBERED
34,17,BG85U5J,88.27,REMEMBERED
35,65,H454KGJ,85.97,LIVE
35,17,BG85U5J,88.27,REMEMBERED
36,17,BG85U5J,88.27,REMEMBERED
36,65,H454KGJ,85.97,REMEMBERED
37,17,BG85U5J,88.27,REMEMBERED
37,65,H454KGJ,85.97,REMEMBERED
38,65,H454KGJ,85.97,REMEMBERED
54,57,LN1522C,66.2,LIVE
55,57,LN1522C,66.2,REMEMBERED
56,57,LN1522C,66.2,REMEMBERED
57,92,DA07CLX,88.83,LIVE
57,57,LN1522C,66.2,REMEMBERED
58,92,DAD7ELX,80.77,LIVE
58,57,LN1522C,66.2,REMEMBERED
59,92,DA07CLX,88.83,REMEMBERED
59,57,LN1522C,66.2,REMEMBERED
60,92,DA07CLX,88.83,REMEMBERED
60,57,LN1522C,66.2,REMEMBERED
61,92,DA07CLX,88.83,REMEMBERED
61,57,LN1522C,66.2,REMEMBERED
62,92,DA07CLX,94.19,LIVE
63,92,DA07CLX,91.51,REMEMBERED
64,92,DA07CLX,91.51,REMEMBERED
65,92,DA07CLX,91.51,REMEMBERED
66,92,DA07CLX,91.51,REMEMBERED
94,230,NL64DGX,70.14,LIVE
95,230,NL64DGX,70.14,REMEMBERED
96,230,NL64DGX,70.14,REMEMBERED
97,230,NL64DGX,70.14,REMEMBERED
98,230,NL64DGX,70.14,REMEMBERED
117,280,A930,71.23,LIVE
118,280,A930,71.23,REMEMBERED
119,280,A930,71.23,REMEMBERED
120,280,A930,71.23,REMEMBERED
