Frame,Vehicle ID,Vehicle Type,Vehicle Confidence,Plate Number,Plate Confidence,OCR Confidence,Indian Plate
road_frame_001.jpg,Vehicle_002,Car,0.731,NOT READ,0.276,0.000,UNKNOWN
road_frame_003.jpg,Vehicle_001,Truck,0.751,147455222,0.216,0.863,NO
road_frame_005.jpg,Vehicle_008,Truck,0.948,NOT READ,0.318,0.000,UNKNOWN
road_frame_006.jpg,Vehicle_001,Car,0.654,KH03FC0558,0.858,0.832,YES
road_frame_007.jpg,Vehicle_019,Car,0.553,E,0.426,0.472,NO
road_frame_007.jpg,Vehicle_018,Truck,0.702,1,0.156,0.357,NO
road_frame_008.jpg,Vehicle_026,Truck,0.679,NOT READ,0.322,0.000,UNKNOWN
road_frame_008.jpg,Vehicle_028,Truck,0.537,NOT READ,0.313,0.000,UNKNOWN
road_frame_008.jpg,Vehicle_029,Truck,0.517,NOT READ,0.172,0.000,UNKNOWN
road_frame_009.jpg,Unknown,Unknown,0.000,NOT READ,0.219,0.000,UNKNOWN
road_frame_009.jpg,Vehicle_010,Truck,0.679,1,0.189,0.531,NO
road_frame_009.jpg,Unknown,Unknown,0.000,NOT READ,0.183,0.000,UNKNOWN
road_frame_010.jpg,Unknown,Unknown,0.000,NOT READ,0.409,0.000,UNKNOWN
road_frame_010.jpg,Unknown,Unknown,0.000,NOT READ,0.307,0.000,UNKNOWN
road_frame_010.jpg,Vehicle_010,Truck,0.765,NOT READ,0.210,0.000,UNKNOWN
road_frame_011.jpg,Vehicle_012,Car,0.677,NOT READ,0.301,0.000,UNKNOWN
road_frame_012.jpg,Unknown,Unknown,0.000,NOT READ,0.290,0.000,UNKNOWN
road_frame_012.jpg,Vehicle_010,Truck,0.592,B,0.209,0.405,NO
road_frame_013.jpg,Vehicle_010,Truck,0.623,NOT READ,0.333,0.000,UNKNOWN
road_frame_014.jpg,Vehicle_010,Truck,0.451,NOT READ,0.181,0.000,UNKNOWN
road_frame_016.jpg,Unknown,Unknown,0.000,NOT READ,0.593,0.000,UNKNOWN
road_frame_016.jpg,Vehicle_010,Truck,0.488,NOT READ,0.460,0.000,UNKNOWN
road_frame_017.jpg,Unknown,Unknown,0.000,NOT READ,0.395,0.000,UNKNOWN
road_frame_017.jpg,Vehicle_010,Truck,0.648,NOT READ,0.333,0.000,UNKNOWN
road_frame_018.jpg,Unknown,Unknown,0.000,NOT READ,0.721,0.000,UNKNOWN
road_frame_018.jpg,Vehicle_010,Truck,0.647,NOT READ,0.395,0.000,UNKNOWN
road_frame_019.jpg,Unknown,Unknown,0.000,NOT READ,0.381,0.000,UNKNOWN
road_frame_019.jpg,Vehicle_010,Truck,0.592,NOT READ,0.190,0.000,UNKNOWN
road_frame_019.jpg,Unknown,Unknown,0.000,1,0.182,0.948,NO
road_frame_020.jpg,Vehicle_010,Truck,0.505,NOT READ,0.447,0.000,UNKNOWN
road_frame_020.jpg,Unknown,Unknown,0.000,NOT READ,0.331,0.000,UNKNOWN
road_frame_020.jpg,Unknown,Unknown,0.000,NOT READ,0.162,0.000,UNKNOWN
road_frame_021.jpg,Vehicle_010,Truck,0.749,7,0.278,0.281,NO
road_frame_021.jpg,Unknown,Unknown,0.000,1,0.263,0.471,NO
road_frame_022.jpg,Vehicle_010,Truck,0.624,NOT READ,0.746,0.000,UNKNOWN
road_frame_023.jpg,Vehicle_010,Truck,0.867,NOT READ,0.569,0.000,UNKNOWN
road_frame_024.jpg,Vehicle_010,Truck,0.835,MH0ZE15H,0.823,0.417,NO
road_frame_025.jpg,Vehicle_010,Truck,0.933,MH02515154,0.860,0.917,NO
road_frame_029.jpg,Vehicle_090,Truck,0.463,NOT READ,0.866,0.000,UNKNOWN
road_frame_029.jpg,Vehicle_085,Car,0.729,NOT READ,0.321,0.000,UNKNOWN
road_frame_029.jpg,Vehicle_084,Truck,0.820,NOT READ,0.259,0.000,UNKNOWN
road_frame_030.jpg,Vehicle_092,Car,0.764,129792,0.928,0.648,NO
road_frame_034.jpg,Unknown,Unknown,0.000,MHO4GZNG1N,0.852,0.614,NO
road_frame_034.jpg,Vehicle_010,Truck,0.820,NOT READ,0.466,0.000,UNKNOWN
road_frame_035.jpg,Vehicle_114,Car,0.756,MH04GZ8516,0.845,0.828,YES
road_frame_037.jpg,Unknown,Unknown,0.000,WIPD,0.683,0.401,NO
road_frame_037.jpg,Unknown,Unknown,0.000,NOT READ,0.173,0.000,UNKNOWN
road_frame_038.jpg,Vehicle_124,Car,0.727,AHRZ6CA2177,0.516,0.548,NO
road_frame_038.jpg,Vehicle_125,Truck,0.624,NOT READ,0.163,0.000,UNKNOWN
road_frame_039.jpg,Vehicle_130,Truck,0.646,NOT READ,0.201,0.000,UNKNOWN
road_frame_041.jpg,Unknown,Unknown,0.000,NOT READ,0.163,0.000,UNKNOWN
road_frame_042.jpg,Unknown,Unknown,0.000,NOT READ,0.652,0.000,UNKNOWN
road_frame_043.jpg,Unknown,Unknown,0.000,NOT READ,0.692,0.000,UNKNOWN
road_frame_044.jpg,Unknown,Unknown,0.000,WODDDESNEN,0.639,0.494,NO
road_frame_045.jpg,Unknown,Unknown,0.000,MH03BE5525,0.774,0.721,YES
road_frame_046.jpg,Unknown,Unknown,0.000,MHODRES675,0.827,0.664,NO
