Vehicle ID,Vehicle Type,Vehicle Confidence,Frames Seen,Plate Observations,Plate Number,Plate Confidence,OCR Confidence,Indian Plate
Vehicle_001,Truck,0.751,2,1,KH03FC0558,0.858,0.832,YES
Vehicle_114,Car,0.756,1,1,MH04GZ8516,0.845,0.828,YES
Unknown,Unknown,0.0,17,1,MH03BE5525,0.774,0.721,YES
Vehicle_092,Car,0.764,1,1,129792,0.928,0.648,UNKNOWN
Vehicle_124,Car,0.727,1,1,AHRZ6CA2177,0.516,0.548,UNKNOWN
Vehicle_019,Car,0.553,1,1,E,0.426,0.472,UNKNOWN
Vehicle_018,Truck,0.702,1,1,1,0.156,0.357,UNKNOWN
Vehicle_008,Truck,0.948,1,1,NOTREAD,0.318,0.0,UNKNOWN
Vehicle_084,Truck,0.82,1,1,NOTREAD,0.259,0.0,UNKNOWN
Vehicle_002,Car,0.731,1,1,NOTREAD,0.276,0.0,UNKNOWN
Vehicle_085,Car,0.729,1,1,NOTREAD,0.321,0.0,UNKNOWN
Vehicle_026,Truck,0.679,1,1,NOTREAD,0.322,0.0,UNKNOWN
Vehicle_012,Car,0.677,1,1,NOTREAD,0.301,0.0,UNKNOWN
Vehicle_130,Truck,0.646,1,1,NOTREAD,0.201,0.0,UNKNOWN
Vehicle_125,Truck,0.624,1,1,NOTREAD,0.163,0.0,UNKNOWN
Vehicle_028,Truck,0.537,1,1,NOTREAD,0.313,0.0,UNKNOWN
Vehicle_029,Truck,0.517,1,1,NOTREAD,0.172,0.0,UNKNOWN
Vehicle_090,Truck,0.463,1,1,NOTREAD,0.866,0.0,UNKNOWN
Vehicle_010,Truck,0.933,16,1,MH02515154,0.86,0.917,NO
