Frame,Plate ID,Plate Confidence,OCR Text,OCR Confidence,Indian Plate
road_frame_001.jpg,1,0.276,NOTREAD,0.0,UNKNOWN
road_frame_003.jpg,1,0.216,NOTREAD,0.0,UNKNOWN
road_frame_005.jpg,1,0.318,NOTREAD,0.0,UNKNOWN
road_frame_006.jpg,1,0.858,NOTREAD,0.0,UNKNOWN
road_frame_007.jpg,1,0.426,NOTREAD,0.0,UNKNOWN
road_frame_008.jpg,1,0.322,NOTREAD,0.0,UNKNOWN
road_frame_008.jpg,2,0.313,NOTREAD,0.0,UNKNOWN
road_frame_009.jpg,1,0.219,NOTREAD,0.0,UNKNOWN
road_frame_010.jpg,1,0.409,NOTREAD,0.0,UNKNOWN
road_frame_010.jpg,2,0.307,NOTREAD,0.0,UNKNOWN
road_frame_010.jpg,3,0.21,NOTREAD,0.0,UNKNOWN
road_frame_011.jpg,1,0.301,NOTREAD,0.0,UNKNOWN
road_frame_012.jpg,1,0.29,NOTREAD,0.0,UNKNOWN
road_frame_012.jpg,2,0.209,NOTREAD,0.0,UNKNOWN
road_frame_013.jpg,1,0.333,NOTREAD,0.0,UNKNOWN
road_frame_016.jpg,1,0.593,NOTREAD,0.0,UNKNOWN
road_frame_016.jpg,2,0.46,NOTREAD,0.0,UNKNOWN
road_frame_017.jpg,1,0.395,NOTREAD,0.0,UNKNOWN
road_frame_017.jpg,2,0.333,NOTREAD,0.0,UNKNOWN
road_frame_018.jpg,1,0.721,NOTREAD,0.0,UNKNOWN
road_frame_018.jpg,2,0.395,NOTREAD,0.0,UNKNOWN
road_frame_019.jpg,1,0.381,NOTREAD,0.0,UNKNOWN
road_frame_020.jpg,1,0.447,NOTREAD,0.0,UNKNOWN
road_frame_020.jpg,2,0.331,NOTREAD,0.0,UNKNOWN
road_frame_021.jpg,1,0.278,NOTREAD,0.0,UNKNOWN
road_frame_021.jpg,2,0.263,NOTREAD,0.0,UNKNOWN
road_frame_022.jpg,1,0.746,NOTREAD,0.0,UNKNOWN
road_frame_023.jpg,1,0.569,NOTREAD,0.0,UNKNOWN
road_frame_024.jpg,1,0.823,NOTREAD,0.0,UNKNOWN
road_frame_025.jpg,1,0.86,NOTREAD,0.0,UNKNOWN
road_frame_029.jpg,1,0.866,NOTREAD,0.0,UNKNOWN
road_frame_029.jpg,2,0.321,NOTREAD,0.0,UNKNOWN
road_frame_029.jpg,3,0.259,NOTREAD,0.0,UNKNOWN
road_frame_030.jpg,1,0.928,NOTREAD,0.0,UNKNOWN
road_frame_034.jpg,1,0.852,NOTREAD,0.0,UNKNOWN
road_frame_034.jpg,2,0.466,NOTREAD,0.0,UNKNOWN
road_frame_035.jpg,1,0.845,NOTREAD,0.0,UNKNOWN
road_frame_037.jpg,1,0.683,NOTREAD,0.0,UNKNOWN
road_frame_038.jpg,1,0.516,NOTREAD,0.0,UNKNOWN
road_frame_039.jpg,1,0.201,NOTREAD,0.0,UNKNOWN
road_frame_042.jpg,1,0.652,NOTREAD,0.0,UNKNOWN
road_frame_043.jpg,1,0.692,NOTREAD,0.0,UNKNOWN
road_frame_044.jpg,1,0.639,NOTREAD,0.0,UNKNOWN
road_frame_045.jpg,1,0.774,NOTREAD,0.0,UNKNOWN
road_frame_046.jpg,1,0.827,NOTREAD,0.0,UNKNOWN
