Number Plate,Plate Detection Confidence,OCR Confidence,Indian Plate
IZ9E792,92.8,64.0,NO
MH02515154,86.0,92.0,NO
MH03FC0558,85.8,1.2,YES
MH04G2HG10,85.2,56.0,NO
MH04GZ8916,84.5,1.1,YES
MH00RES675,82.7,89.0,YES
MMD71,82.3,68.0,NO
MH03BE5525,77.4,96.0,YES
AA,74.6,65.0,NO
EX0DA,69.2,47.0,NO
WED,68.3,52.0,NO
HUES,63.9,48.0,NO
R,56.9,45.0,NO
HR26EA917,51.6,80.0,YES
D,44.7,38.0,NO
DUMPSES,42.6,36.0,NO
2,33.3,23.0,NO
A,33.3,33.0,NO
C,27.8,56.0,NO
47455222,21.6,93.0,NO
0,21.0,18.0,NO
B,20.9,39.0,NO
4,18.2,81.0,NO
1,17.2,61.0,NO
L,9.1,41.0,NO
CX35722,8.5,63.0,NO
