Frame,Plate_ID,YOLO_Confidence,Raw_OCR,OCR_Confidence,Corrected_OCR,Indian_Plate_Valid
road_frame_002.jpg,4,0.091,L,0.41,L,False
road_frame_002.jpg,5,0.085,CX35722,0.63,CX35722,False
road_frame_003.jpg,6,0.216,47455222,0.93,47455222,False
road_frame_003.jpg,7,0.139,47455222,0.90,47455222,False
road_frame_006.jpg,9,0.858,MH03FC0558,1.16,MH03FC0558,True
road_frame_007.jpg,10,0.426,DUMPSES,0.36,DUMPSES,False
road_frame_008.jpg,14,0.172,1,0.61,1,False
road_frame_010.jpg,21,0.210,0,0.18,0,False
road_frame_011.jpg,23,0.134,1,0.49,1,False
road_frame_012.jpg,25,0.209,B,0.39,B,False
road_frame_013.jpg,26,0.333,A,0.33,A,False
road_frame_013.jpg,27,0.115,0,0.29,0,False
road_frame_017.jpg,35,0.333,2,0.23,2,False
road_frame_019.jpg,40,0.182,4,0.81,4,False
road_frame_020.jpg,42,0.447,D,0.38,D,False
road_frame_021.jpg,45,0.278,C,0.56,C,False
road_frame_022.jpg,47,0.746,AA,0.65,AA,False
road_frame_023.jpg,49,0.569,R,0.45,R,False
road_frame_024.jpg,51,0.823,MMD71,0.68,MMD71,False
road_frame_025.jpg,52,0.860,MH02515154,0.92,MH02515154,False
road_frame_030.jpg,58,0.928,129E792,0.64,IZ9E792,False
road_frame_034.jpg,60,0.852,MH04G2HG10,0.56,MH04G2HG10,False
road_frame_035.jpg,62,0.845,MH04GZ8916,1.08,MH04GZ8916,True
road_frame_037.jpg,63,0.683,WED,0.52,WED,False
road_frame_038.jpg,65,0.516,HRZ6EA917,0.80,HR26EA917,True
road_frame_039.jpg,68,0.201,1,0.21,1,False
road_frame_041.jpg,69,0.163,1,0.64,1,False
road_frame_043.jpg,71,0.692,EX0DA,0.47,EX0DA,False
road_frame_044.jpg,72,0.639,HUES,0.48,HUES,False
road_frame_045.jpg,73,0.774,MH03BE5525,0.96,MH03BE5525,True
road_frame_046.jpg,74,0.827,MHODRES675,0.89,MH00RES675,True
