epoch,time,train/box_loss,train/cls_loss,train/dfl_loss,metrics/precision(B),metrics/recall(B),metrics/mAP50(B),metrics/mAP50-95(B),val/box_loss,val/cls_loss,val/dfl_loss,lr/pg0,lr/pg1,lr/pg2
1,90.9965,3.31232,7.23188,1.83058,0.0005,0.09333,5e-05,1e-05,2.67544,5.43716,1.27416,0.000571429,0.000571429,0.000571429
2,167.514,2.79497,4.89414,1.24985,0.00085,0.16,0.00029,7e-05,2.97244,5.92369,1.3497,0.00121358,0.00121358,0.00121358
3,255.247,2.95433,4.24181,1.32944,0.00099,0.18667,0.00039,8e-05,2.58364,5.11556,1.2601,0.00182933,0.00182933,0.00182933
4,338.485,2.77974,3.8025,1.14739,0.00035,0.06667,4e-05,1e-05,2.54351,4.94327,1.342,0.0018812,0.0018812,0.0018812
5,411.945,2.5522,3.41803,1.13634,0,0,0,0,2.54722,5.13294,1.29041,0.0018416,0.0018416,0.0018416
6,482.532,2.35205,2.92505,1.08231,0.00028,0.05333,3e-05,0,2.91446,5.00349,1.50517,0.001802,0.001802,0.001802
7,553.442,2.45335,3.11294,1.09827,0.00021,0.04,1e-05,0,2.9285,5.76437,1.44096,0.0017624,0.0017624,0.0017624
8,635.526,2.40982,2.79574,1.05812,0.00262,0.49333,0.00536,0.00166,2.53878,4.19053,1.24286,0.0017228,0.0017228,0.0017228
9,708.522,2.33017,2.73403,1.1292,0.00326,0.61333,0.00704,0.00229,2.31156,4.03886,1.22681,0.0016832,0.0016832,0.0016832
10,783.777,2.32511,2.46909,1.06801,0.00284,0.53333,0.0136,0.00427,2.42624,3.88989,1.28216,0.0016436,0.0016436,0.0016436
11,856.647,2.216,2.30994,1.0132,0.00418,0.78667,0.03586,0.01269,2.29159,5.10442,1.19004,0.001604,0.001604,0.001604
12,962.209,2.13449,2.34166,1.05451,0.05441,0.23936,0.04743,0.01646,2.45644,7.42671,1.25522,0.0015644,0.0015644,0.0015644
13,1039.42,2.15517,2.12297,1.03504,0.05412,0.13333,0.0686,0.02485,2.24772,4.91424,1.16096,0.0015248,0.0015248,0.0015248
14,1111.34,2.1168,2.12874,1.01579,0.19792,0.25333,0.15562,0.05812,2.28289,3.41318,1.1653,0.0014852,0.0014852,0.0014852
15,3549.77,2.081,2.08776,1.02678,0.22335,0.33333,0.14879,0.05461,2.23843,2.82621,1.16752,0.0014456,0.0014456,0.0014456
16,3624.63,2.04263,1.8848,0.97588,0.65478,0.28,0.38274,0.14452,2.20733,2.8849,1.163,0.001406,0.001406,0.001406
17,3697.41,2.08303,1.81312,0.97623,0.75053,0.36,0.50652,0.20671,2.14229,2.68585,1.16225,0.0013664,0.0013664,0.0013664
18,3769.73,1.99323,1.82315,1.04641,0.83295,0.53189,0.61429,0.26352,2.04986,2.35569,1.11303,0.0013268,0.0013268,0.0013268
19,3842.08,2.0101,1.77097,0.98608,0.62507,0.55577,0.61459,0.25967,2.14697,2.11501,1.11409,0.0012872,0.0012872,0.0012872
20,3918.03,1.87619,1.70296,0.96383,0.49732,0.55407,0.47031,0.1879,2.1831,2.21692,1.13796,0.0012476,0.0012476,0.0012476
21,4001.69,1.89148,1.62317,0.96499,0.70981,0.61969,0.62467,0.25633,2.14508,2.01866,1.10309,0.001208,0.001208,0.001208
22,4073.75,1.89825,1.58968,0.987,0.64293,0.5042,0.5695,0.23717,2.17853,1.96048,1.11497,0.0011684,0.0011684,0.0011684
23,4149.96,2.01843,1.63026,0.97738,0.66859,0.61333,0.66906,0.26296,2.0636,1.85683,1.07902,0.0011288,0.0011288,0.0011288
24,4243.73,1.93162,1.50104,0.96754,0.7521,0.58667,0.68707,0.28034,2.09608,1.76793,1.08449,0.0010892,0.0010892,0.0010892
25,4320.92,1.89783,1.52208,0.95609,0.89642,0.57702,0.70768,0.30744,2.09322,1.68135,1.08554,0.0010496,0.0010496,0.0010496
26,8869.21,2.03,1.61247,0.96147,0.77702,0.65051,0.72401,0.31571,2.02509,1.62638,1.06489,0.00101,0.00101,0.00101
27,8942.98,1.8619,1.43347,0.93578,0.75623,0.68,0.72279,0.29721,2.09367,1.51931,1.07614,0.0009704,0.0009704,0.0009704
28,9014.96,1.90254,1.46505,0.94426,0.70545,0.70667,0.70143,0.29875,2.11503,1.4943,1.09276,0.0009308,0.0009308,0.0009308
29,9087.82,1.84979,1.40876,0.95035,0.78074,0.61724,0.69521,0.27969,2.16866,1.53404,1.10187,0.0008912,0.0008912,0.0008912
30,9166.16,1.74576,1.36517,0.91412,0.77318,0.63637,0.6834,0.28141,2.11096,1.53568,1.08279,0.0008516,0.0008516,0.0008516
31,9248.22,1.81057,1.36429,0.91393,0.74341,0.64,0.65801,0.28004,2.14991,1.49178,1.08262,0.000812,0.000812,0.000812
32,9328.22,1.72376,1.33652,0.93768,0.79612,0.66667,0.73419,0.31994,2.02763,1.37287,1.04584,0.0007724,0.0007724,0.0007724
33,9409.1,1.77622,1.31183,0.9857,0.91203,0.65333,0.75112,0.32774,1.99983,1.35145,1.03785,0.0007328,0.0007328,0.0007328
34,9489.6,1.79913,1.30528,0.95826,0.78962,0.65333,0.72921,0.30176,2.08855,1.41149,1.04569,0.0006932,0.0006932,0.0006932
35,9570.96,1.74549,1.28669,0.93343,0.70415,0.62667,0.66425,0.25326,2.25084,1.49927,1.07802,0.0006536,0.0006536,0.0006536
36,9651.05,1.83813,1.26778,0.92645,0.80702,0.65333,0.73352,0.30672,2.06261,1.41335,1.04411,0.000614,0.000614,0.000614
37,9732.7,1.74012,1.2714,0.92639,0.79254,0.70667,0.7446,0.30963,2.05792,1.39335,1.04509,0.0005744,0.0005744,0.0005744
38,9812.59,1.68146,1.23805,0.94024,0.72025,0.61333,0.68969,0.26617,2.22151,1.44469,1.08215,0.0005348,0.0005348,0.0005348
39,9892.28,1.68549,1.18678,0.93673,0.81693,0.57333,0.69538,0.26661,2.24653,1.42885,1.09641,0.0004952,0.0004952,0.0004952
40,9975.7,1.61956,1.16653,0.91773,0.84937,0.60147,0.74013,0.32255,2.09157,1.36744,1.04834,0.0004556,0.0004556,0.0004556
41,10056.5,1.74304,1.54372,0.9163,0.8528,0.64,0.75025,0.34245,2.01505,1.34505,1.0315,0.000416,0.000416,0.000416
42,10137.2,1.72104,1.55079,0.91876,0.84011,0.65333,0.75029,0.35189,2.01323,1.35079,1.03461,0.0003764,0.0003764,0.0003764
43,10216.8,1.7047,1.46267,0.9471,0.8149,0.66667,0.73384,0.33273,2.06835,1.35082,1.04977,0.0003368,0.0003368,0.0003368
44,10305.3,1.68857,1.41141,0.92207,0.84123,0.63586,0.72676,0.30104,2.11924,1.34885,1.06479,0.0002972,0.0002972,0.0002972
45,10391.6,1.68349,1.40255,0.93318,0.84371,0.64784,0.72796,0.30137,2.10864,1.34497,1.05664,0.0002576,0.0002576,0.0002576
46,10477.6,1.75357,1.38191,0.94531,0.83141,0.6576,0.76305,0.31513,2.06749,1.33493,1.04996,0.000218,0.000218,0.000218
47,10564.3,1.66677,1.36477,0.91663,0.79003,0.68,0.7365,0.32502,2.06894,1.33807,1.05008,0.0001784,0.0001784,0.0001784
48,10650.5,1.63469,1.30117,0.92339,0.77356,0.68327,0.73097,0.31656,2.10543,1.34293,1.0591,0.0001388,0.0001388,0.0001388
49,10736.7,1.58554,1.3065,0.91009,0.78712,0.69023,0.73156,0.31744,2.10941,1.33627,1.05948,9.92e-05,9.92e-05,9.92e-05
50,10823.3,1.61991,1.31654,0.95492,0.77292,0.69333,0.73105,0.31468,2.09473,1.32511,1.05486,5.96e-05,5.96e-05,5.96e-05
