Frame,Filename,Plate_ID,YOLO_Confidence,OCR_Method,Plate_Text,OCR_Confidence,Crop_File
3,road_frame_003.jpg,6,0.2160225808620453,original,K47A5522,0.8280043005943298,plate_0006.jpg
3,road_frame_003.jpg,6,0.2160225808620453,enhanced,147455272,0.9063165187835693,plate_0006.jpg
3,road_frame_003.jpg,7,0.13918635249137878,original,K4745522,0.809503972530365,plate_0007.jpg
3,road_frame_003.jpg,7,0.13918635249137878,enhanced,147455272,0.9228649139404297,plate_0007.jpg
6,road_frame_006.jpg,9,0.8575037121772766,original,MH03FC0558,0.8508456945419312,plate_0009.jpg
6,road_frame_006.jpg,9,0.8575037121772766,enhanced,MH03FC0558,0.8800415992736816,plate_0009.jpg
23,road_frame_023.jpg,49,0.5689910054206848,original,AMMN,0.45991694927215576,plate_0049.jpg
24,road_frame_024.jpg,51,0.8225799798965454,enhanced,MHD7,0.7481185793876648,plate_0051.jpg
25,road_frame_025.jpg,52,0.8597570061683655,original,1M802F15154,0.6872610449790955,plate_0052.jpg
25,road_frame_025.jpg,52,0.8597570061683655,enhanced,MH02515154,0.8720471262931824,plate_0052.jpg
30,road_frame_030.jpg,58,0.9283256530761719,enhanced,12722,0.5597622990608215,plate_0058.jpg
34,road_frame_034.jpg,60,0.852034330368042,original,HH04GZHG1H,0.5323473215103149,plate_0060.jpg
34,road_frame_034.jpg,60,0.852034330368042,enhanced,WHO4GZHG11,0.5409607291221619,plate_0060.jpg
35,road_frame_035.jpg,62,0.84514319896698,original,KH04GZ8616,0.8637730479240417,plate_0062.jpg
35,road_frame_035.jpg,62,0.84514319896698,enhanced,MH08GZ8916,0.695502519607544,plate_0062.jpg
37,road_frame_037.jpg,63,0.6834233999252319,enhanced,1PML,0.296663373708725,plate_0063.jpg
38,road_frame_038.jpg,65,0.5156024098396301,original,BNRZEEA9177,0.6473936438560486,plate_0065.jpg
38,road_frame_038.jpg,65,0.5156024098396301,enhanced,ANRZECA9177,0.5964742302894592,plate_0065.jpg
44,road_frame_044.jpg,72,0.6386469006538391,original,HISSDESAES,0.49461889266967773,plate_0072.jpg
45,road_frame_045.jpg,73,0.773798406124115,original,MH03BE5525,0.6495043039321899,plate_0073.jpg
45,road_frame_045.jpg,73,0.773798406124115,enhanced,HH039E5575,0.6388856768608093,plate_0073.jpg
46,road_frame_046.jpg,74,0.8271791934967041,original,0BES675,0.6649452447891235,plate_0074.jpg
46,road_frame_046.jpg,74,0.8271791934967041,enhanced,675,0.632860004901886,plate_0074.jpg
