frame,plate_id,x1,y1,x2,y2,ocr_text,ocr_confidence,preprocessing,valid_indian_plate
road_frame_001.jpg,1,231,196,279,213,2,0.5926,threshold,False
road_frame_003.jpg,2,296,211,355,234,I47455272,0.8798,clahe,False
road_frame_005.jpg,3,324,203,352,223,1X3D,0.5825,otsu,False
road_frame_006.jpg,4,142,232,229,263,MH03FC0558,0.8601,clahe,True
road_frame_007.jpg,5,243,134,289,156,KE,0.3450,clahe,False
road_frame_008.jpg,8,44,135,96,156,0,0.1929,sharpened,False
road_frame_009.jpg,11,604,149,636,163,1,0.5351,original,False
road_frame_009.jpg,12,112,144,164,168,2,0.8308,threshold,False
road_frame_010.jpg,13,0,188,36,212,A,0.3954,otsu,False
road_frame_010.jpg,15,592,154,626,171,3,0.3758,otsu,False
