Frame,Vehicle ID,Vehicle Type,Confidence,X1,Y1,X2,Y2
road_frame_001.jpg,Vehicle_001,Bus,0.783,355,47,503,260
road_frame_001.jpg,Vehicle_002,Car,0.731,219,161,338,249
road_frame_001.jpg,Vehicle_003,Truck,0.709,61,115,236,274
road_frame_002.jpg,Vehicle_001,Truck,0.774,320,35,513,289
road_frame_002.jpg,Vehicle_003,Truck,0.738,142,123,300,267
road_frame_003.jpg,Vehicle_001,Truck,0.751,243,4,501,302
road_frame_004.jpg,Vehicle_001,Truck,0.769,165,0,471,334
road_frame_005.jpg,Vehicle_008,Truck,0.948,0,1,334,440
road_frame_005.jpg,Vehicle_009,Car,0.807,488,142,556,199
road_frame_005.jpg,Vehicle_010,Car,0.666,577,142,628,184
road_frame_005.jpg,Vehicle_011,Truck,0.588,323,90,463,268
road_frame_005.jpg,Vehicle_012,Truck,0.588,643,108,699,191
road_frame_005.jpg,Vehicle_013,Car,0.574,540,144,594,198
road_frame_005.jpg,Vehicle_014,Car,0.537,442,116,497,204
road_frame_005.jpg,Vehicle_015,Truck,0.404,700,116,748,183
road_frame_006.jpg,Vehicle_001,Car,0.654,84,61,406,318
road_frame_007.jpg,Vehicle_017,Truck,0.787,0,54,230,398
road_frame_007.jpg,Vehicle_018,Truck,0.702,636,88,703,181
road_frame_007.jpg,Vehicle_019,Car,0.553,213,83,393,215
road_frame_007.jpg,Vehicle_020,Truck,0.531,348,92,464,195
road_frame_007.jpg,Vehicle_021,Car,0.470,575,120,639,179
road_frame_007.jpg,Vehicle_022,Car,0.452,504,109,584,181
road_frame_007.jpg,Vehicle_023,Car,0.430,348,91,465,196
road_frame_007.jpg,Vehicle_024,Truck,0.378,504,110,584,181
road_frame_008.jpg,Vehicle_025,Car,0.713,176,99,282,190
road_frame_008.jpg,Vehicle_026,Truck,0.679,616,67,687,166
road_frame_008.jpg,Vehicle_027,Truck,0.601,398,81,499,177
road_frame_008.jpg,Vehicle_028,Truck,0.537,4,78,207,220
road_frame_008.jpg,Vehicle_029,Truck,0.517,278,71,437,192
road_frame_008.jpg,Vehicle_030,Car,0.516,278,70,436,191
road_frame_008.jpg,Vehicle_031,Car,0.466,4,78,207,220
road_frame_008.jpg,Vehicle_032,Car,0.456,685,127,725,162
road_frame_008.jpg,Vehicle_033,Truck,0.359,535,103,607,166
road_frame_009.jpg,Vehicle_010,Truck,0.679,591,73,673,181
road_frame_010.jpg,Vehicle_010,Truck,0.765,575,73,657,190
road_frame_011.jpg,Vehicle_010,Truck,0.778,563,73,648,199
road_frame_011.jpg,Vehicle_012,Car,0.677,297,133,397,207
road_frame_012.jpg,Vehicle_010,Truck,0.592,564,71,674,205
road_frame_012.jpg,Vehicle_012,Car,0.802,350,144,438,209
road_frame_012.jpg,Vehicle_014,Truck,0.891,132,9,336,246
road_frame_013.jpg,Vehicle_010,Truck,0.623,549,75,685,216
road_frame_013.jpg,Vehicle_012,Car,0.798,389,158,468,216
road_frame_013.jpg,Vehicle_014,Truck,0.895,212,25,387,242
road_frame_014.jpg,Vehicle_010,Truck,0.451,530,101,672,251
road_frame_014.jpg,Vehicle_012,Car,0.772,422,195,492,246
road_frame_014.jpg,Vehicle_014,Truck,0.799,281,73,426,265
road_frame_015.jpg,Vehicle_010,Truck,0.736,507,89,652,252
road_frame_015.jpg,Vehicle_014,Truck,0.812,335,84,458,258
road_frame_016.jpg,Vehicle_010,Truck,0.488,493,70,655,244
road_frame_016.jpg,Vehicle_014,Truck,0.756,390,90,492,243
road_frame_017.jpg,Vehicle_010,Truck,0.648,444,60,619,247
road_frame_018.jpg,Vehicle_010,Truck,0.647,449,46,603,249
road_frame_019.jpg,Vehicle_010,Truck,0.592,424,41,590,262
road_frame_019.jpg,Vehicle_014,Truck,0.689,576,84,677,246
road_frame_020.jpg,Vehicle_010,Truck,0.505,385,26,565,268
road_frame_020.jpg,Vehicle_014,Truck,0.608,569,69,690,241
road_frame_021.jpg,Vehicle_010,Truck,0.749,341,15,541,282
road_frame_021.jpg,Vehicle_014,Bus,0.621,568,64,694,256
road_frame_022.jpg,Vehicle_010,Truck,0.624,296,0,520,289
road_frame_022.jpg,Vehicle_014,Truck,0.774,557,50,704,264
road_frame_023.jpg,Vehicle_010,Truck,0.867,239,0,491,300
road_frame_023.jpg,Vehicle_014,Truck,0.642,579,28,738,275
road_frame_024.jpg,Vehicle_010,Truck,0.835,145,0,445,320
road_frame_024.jpg,Vehicle_014,Truck,0.688,560,0,754,294
road_frame_025.jpg,Vehicle_010,Truck,0.933,0,0,389,347
road_frame_025.jpg,Vehicle_014,Truck,0.878,513,0,758,343
road_frame_026.jpg,Vehicle_010,Truck,0.927,0,0,290,378
road_frame_027.jpg,Vehicle_068,Truck,0.931,0,0,475,471
road_frame_027.jpg,Vehicle_069,Motorcycle,0.690,554,120,671,284
road_frame_027.jpg,Vehicle_070,Motorcycle,0.591,499,107,566,237
road_frame_027.jpg,Vehicle_071,Truck,0.547,630,57,726,173
road_frame_027.jpg,Vehicle_072,Car,0.537,715,89,755,160
road_frame_027.jpg,Vehicle_073,Car,0.419,754,97,784,123
road_frame_027.jpg,Vehicle_074,Motorcycle,0.372,782,77,823,162
road_frame_027.jpg,Vehicle_075,Motorcycle,0.354,466,110,504,255
road_frame_028.jpg,Vehicle_076,Car,0.872,0,80,125,301
road_frame_028.jpg,Vehicle_077,Motorcycle,0.764,348,133,530,401
road_frame_028.jpg,Vehicle_078,Car,0.667,465,61,596,229
road_frame_028.jpg,Vehicle_079,Motorcycle,0.664,254,132,375,347
road_frame_028.jpg,Vehicle_080,Car,0.577,829,95,847,142
road_frame_028.jpg,Vehicle_081,Car,0.525,574,72,638,166
road_frame_028.jpg,Vehicle_082,Car,0.397,621,58,746,189
road_frame_028.jpg,Vehicle_083,Truck,0.360,621,59,748,189
road_frame_029.jpg,Vehicle_084,Truck,0.820,22,2,209,228
road_frame_029.jpg,Vehicle_085,Car,0.729,537,70,637,187
road_frame_029.jpg,Vehicle_086,Motorcycle,0.663,0,138,115,439
road_frame_029.jpg,Vehicle_087,Truck,0.552,618,60,755,207
road_frame_029.jpg,Vehicle_088,Motorcycle,0.538,767,104,818,176
road_frame_029.jpg,Vehicle_089,Car,0.499,813,102,847,150
road_frame_029.jpg,Vehicle_090,Truck,0.463,270,48,543,258
road_frame_029.jpg,Vehicle_091,Car,0.457,270,47,543,256
road_frame_030.jpg,Vehicle_092,Car,0.764,72,53,442,315
road_frame_030.jpg,Vehicle_093,Car,0.628,483,119,529,177
road_frame_030.jpg,Vehicle_094,Motorcycle,0.614,748,111,800,187
road_frame_030.jpg,Vehicle_095,Truck,0.535,592,62,745,227
road_frame_030.jpg,Vehicle_096,Truck,0.504,106,20,291,148
road_frame_030.jpg,Vehicle_097,Truck,0.433,72,53,441,314
road_frame_030.jpg,Vehicle_098,Car,0.378,797,111,835,166
road_frame_031.jpg,Vehicle_010,Truck,0.888,0,40,228,396
road_frame_032.jpg,Vehicle_100,Truck,0.853,277,47,416,220
road_frame_032.jpg,Vehicle_101,Truck,0.829,408,64,637,305
road_frame_032.jpg,Vehicle_102,Motorcycle,0.648,718,113,787,229
road_frame_032.jpg,Vehicle_103,Car,0.606,621,99,687,210
road_frame_032.jpg,Vehicle_104,Truck,0.505,0,22,39,227
road_frame_033.jpg,Vehicle_105,Car,0.771,553,102,662,229
road_frame_033.jpg,Vehicle_106,Truck,0.759,172,58,481,369
road_frame_033.jpg,Vehicle_107,Motorcycle,0.742,700,124,776,259
road_frame_033.jpg,Vehicle_108,Car,0.580,453,79,582,273
road_frame_033.jpg,Vehicle_109,Truck,0.506,0,27,47,233
road_frame_034.jpg,Vehicle_010,Truck,0.820,0,38,148,457
road_frame_035.jpg,Vehicle_111,Car,0.793,672,129,743,210
road_frame_035.jpg,Vehicle_112,Car,0.782,783,144,836,187
road_frame_035.jpg,Vehicle_113,Car,0.782,368,111,530,282
road_frame_035.jpg,Vehicle_114,Car,0.756,0,64,398,372
road_frame_035.jpg,Vehicle_115,Motorcycle,0.738,579,157,703,358
road_frame_035.jpg,Vehicle_116,Car,0.583,761,140,788,176
road_frame_035.jpg,Vehicle_117,Truck,0.391,430,88,598,241
road_frame_035.jpg,Vehicle_118,Car,0.353,430,91,598,241
road_frame_036.jpg,Vehicle_040,Car,0.720,798,138,845,179
road_frame_036.jpg,Vehicle_010,Car,0.684,0,26,187,402
road_frame_037.jpg,Vehicle_040,Car,0.777,817,134,848,174
road_frame_038.jpg,Vehicle_122,Car,0.807,731,136,773,170
road_frame_038.jpg,Vehicle_123,Truck,0.783,537,88,629,200
road_frame_038.jpg,Vehicle_124,Car,0.727,0,64,348,313
road_frame_038.jpg,Vehicle_125,Truck,0.624,630,104,736,205
road_frame_038.jpg,Vehicle_126,Truck,0.528,0,65,347,313
road_frame_038.jpg,Vehicle_127,Bus,0.443,0,16,64,137
road_frame_038.jpg,Vehicle_128,Car,0.406,630,104,735,205
road_frame_039.jpg,Vehicle_129,Car,0.809,747,124,793,158
road_frame_039.jpg,Vehicle_130,Truck,0.646,597,90,720,197
road_frame_039.jpg,Vehicle_131,Truck,0.533,570,82,645,184
road_frame_039.jpg,Vehicle_132,Bus,0.467,0,4,88,294
road_frame_039.jpg,Vehicle_133,Car,0.467,830,117,847,150
road_frame_040.jpg,Vehicle_049,Car,0.744,761,128,804,160
road_frame_041.jpg,Vehicle_049,Car,0.729,769,131,815,161
road_frame_042.jpg,Vehicle_049,Car,0.653,784,125,830,153
road_frame_043.jpg,Vehicle_051,Truck,0.661,651,115,718,197
road_frame_044.jpg,Vehicle_051,Truck,0.614,676,129,742,208
road_frame_045.jpg,Vehicle_051,Truck,0.712,707,142,772,217
road_frame_046.jpg,Vehicle_051,Truck,0.736,750,151,809,223
